{
  "info": {
    "name": "BookBridge API Collection",
    "description": "Complete API collection for BookBridge backend testing",
    "schema": "https://schema.getpostman.com/json/collection/v2.1.0/collection.json",
    "version": "1.0.0"
  },
  "variable": [
    {
      "key": "baseUrl",
      "value": "http://localhost:8080/api"
    },
    {
      "key": "token",
      "value": ""
    },
    {
      "key": "userId",
      "value": ""
    }
  ],
  "item": [
    {
      "name": "Authentication",
      "item": [
        {
          "name": "Register Individual User",
          "request": {
            "method": "POST",
            "header": [
              {
                "key": "Content-Type",
                "value": "multipart/form-data"
              }
            ],
            "body": {
              "mode": "formdata",
              "formdata": [
                {
                  "key": "fullName",
                  "value": "John Doe",
                  "type": "text"
                },
                {
                  "key": "email",
                  "value": "john.doe@example.com",
                  "type": "text"
                },
                {
                  "key": "password",
                  "value": "password123",
                  "type": "text"
                },
                {
                  "key": "idCardNumber",
                  "value": "ID123456789",
                  "type": "text"
                },
                {
                  "key": "location",
                  "value": "Kathmandu",
                  "type": "text"
                },
                {
                  "key": "phone",
                  "value": "9841234567",
                  "type": "text"
                },
                {
                  "key": "idCardPhoto",
                  "type": "file",
                  "src": []
                }
              ]
            },
            "url": {
              "raw": "{{baseUrl}}/register/individual",
              "host": ["{{baseUrl}}"],
              "path": ["register", "individual"]
            }
          }
        },
        {
          "name": "Register Organization",
          "request": {
            "method": "POST",
            "header": [
              {
                "key": "Content-Type",
                "value": "multipart/form-data"
              }
            ],
            "body": {
              "mode": "formdata",
              "formdata": [
                {
                  "key": "organizationName",
                  "value": "ABC Foundation",
                  "type": "text"
                },
                {
                  "key": "contactPerson",
                  "value": "Jane Smith",
                  "type": "text"
                },
                {
                  "key": "email",
                  "value": "contact@abcfoundation.org",
                  "type": "text"
                },
                {
                  "key": "password",
                  "value": "password123",
                  "type": "text"
                },
                {
                  "key": "businessRegistrationNumber",
                  "value": "REG123456",
                  "type": "text"
                },
                {
                  "key": "panNumber",
                  "value": "PAN123456",
                  "type": "text"
                },
                {
                  "key": "location",
                  "value": "Lalitpur",
                  "type": "text"
                },
                {
                  "key": "phone",
                  "value": "9851234567",
                  "type": "text"
                },
                {
                  "key": "documentPhoto",
                  "type": "file",
                  "src": []
                }
              ]
            },
            "url": {
              "raw": "{{baseUrl}}/register/organization",
              "host": ["{{baseUrl}}"],
              "path": ["register", "organization"]
            }
          }
        },
        {
          "name": "Login",
          "event": [
            {
              "listen": "test",
              "script": {
                "exec": [
                  "if (pm.response.code === 200) {",
                  "    const response = pm.response.json();",
                  "    pm.collectionVariables.set('token', response.token);",
                  "    pm.collectionVariables.set('userId', response.user.id);",
                  "}"
                ]
              }
            }
          ],
          "request": {
            "method": "POST",
            "header": [
              {
                "key": "Content-Type",
                "value": "application/json"
              }
            ],
            "body": {
              "mode": "raw",
              "raw": "{\n    \"email\": \"john.doe@example.com\",\n    \"password\": \"password123\"\n}"
            },
            "url": {
              "raw": "{{baseUrl}}/login",
              "host": ["{{baseUrl}}"],
              "path": ["login"]
            }
          }
        },
        {
          "name": "Get Current User",
          "request": {
            "method": "GET",
            "header": [
              {
                "key": "Authorization",
                "value": "Bearer {{token}}"
              }
            ],
            "url": {
              "raw": "{{baseUrl}}/me",
              "host": ["{{baseUrl}}"],
              "path": ["me"]
            }
          }
        },
        {
          "name": "Initiate Password Reset",
          "request": {
            "method": "POST",
            "header": [
              {
                "key": "Content-Type",
                "value": "application/json"
              }
            ],
            "body": {
              "mode": "raw",
              "raw": "{\n    \"email\": \"john.doe@example.com\"\n}"
            },
            "url": {
              "raw": "{{baseUrl}}/password/reset",
              "host": ["{{baseUrl}}"],
              "path": ["password", "reset"]
            }
          }
        },
        {
          "name": "Complete Password Reset",
          "request": {
            "method": "POST",
            "header": [
              {
                "key": "Content-Type",
                "value": "application/json"
              }
            ],
            "body": {
              "mode": "raw",
              "raw": "{\n    \"token\": \"reset-token-here\",\n    \"newPassword\": \"newpassword123\"\n}"
            },
            "url": {
              "raw": "{{baseUrl}}/password/reset/complete",
              "host": ["{{baseUrl}}"],
              "path": ["password", "reset", "complete"]
            }
          }
        },
        {
          "name": "Logout",
          "request": {
            "method": "POST",
            "header": [
              {
                "key": "Authorization",
                "value": "Bearer {{token}}"
              }
            ],
            "url": {
              "raw": "{{baseUrl}}/logout",
              "host": ["{{baseUrl}}"],
              "path": ["logout"]
            }
          }
        }
      ]
    },
    {
      "name": "Books",
      "item": [
        {
          "name": "Get All Books",
          "request": {
            "method": "GET",
            "url": {
              "raw": "{{baseUrl}}/books?page=0&size=10&sortBy=createdAt&sortDir=desc",
              "host": ["{{baseUrl}}"],
              "path": ["books"],
              "query": [
                {
                  "key": "page",
                  "value": "0"
                },
                {
                  "key": "size",
                  "value": "10"
                },
                {
                  "key": "sortBy",
                  "value": "createdAt"
                },
                {
                  "key": "sortDir",
                  "value": "desc"
                }
              ]
            }
          }
        },
        {
          "name": "Search Books",
          "request": {
            "method": "GET",
            "url": {
              "raw": "{{baseUrl}}/books?keyword=algorithm&category=technology&condition=good&listingType=sell&location=kathmandu",
              "host": ["{{baseUrl}}"],
              "path": ["books"],
              "query": [
                {
                  "key": "keyword",
                  "value": "algorithm"
                },
                {
                  "key": "category",
                  "value": "technology"
                },
                {
                  "key": "condition",
                  "value": "good"
                },
                {
                  "key": "listingType",
                  "value": "sell"
                },
                {
                  "key": "location",
                  "value": "kathmandu"
                }
              ]
            }
          }
        },
        {
          "name": "Get Book by ID",
          "request": {
            "method": "GET",
            "url": {
              "raw": "{{baseUrl}}/books/1",
              "host": ["{{baseUrl}}"],
              "path": ["books", "1"]
            }
          }
        },
        {
          "name": "Create Book",
          "request": {
            "method": "POST",
            "header": [
              {
                "key": "Content-Type",
                "value": "multipart/form-data"
              },
              {
                "key": "Authorization",
                "value": "Bearer {{token}}"
              }
            ],
            "body": {
              "mode": "formdata",
              "formdata": [
                {
                  "key": "title",
                  "value": "Clean Code",
                  "type": "text"
                },
                {
                  "key": "author",
                  "value": "Robert C. Martin",
                  "type": "text"
                },
                {
                  "key": "category",
                  "value": "TECHNOLOGY",
                  "type": "text"
                },
                {
                  "key": "condition",
                  "value": "GOOD",
                  "type": "text"
                },
                {
                  "key": "listingType",
                  "value": "SELL",
                  "type": "text"
                },
                {
                  "key": "location",
                  "value": "Kathmandu",
                  "type": "text"
                },
                {
                  "key": "price",
                  "value": "1200",
                  "type": "text"
                },
                {
                  "key": "description",
                  "value": "A handbook of agile software craftsmanship",
                  "type": "text"
                },
                {
                  "key": "isbn",
                  "value": "9780132350884",
                  "type": "text"
                },
                {
                  "key": "bookImage",
                  "type": "file",
                  "src": []
                }
              ]
            },
            "url": {
              "raw": "{{baseUrl}}/books",
              "host": ["{{baseUrl}}"],
              "path": ["books"]
            }
          }
        },
        {
          "name": "Update Book",
          "request": {
            "method": "PUT",
            "header": [
              {
                "key": "Content-Type",
                "value": "multipart/form-data"
              },
              {
                "key": "Authorization",
                "value": "Bearer {{token}}"
              }
            ],
            "body": {
              "mode": "formdata",
              "formdata": [
                {
                  "key": "title",
                  "value": "Clean Code - Updated",
                  "type": "text"
                },
                {
                  "key": "author",
                  "value": "Robert C. Martin",
                  "type": "text"
                },
                {
                  "key": "category",
                  "value": "TECHNOLOGY",
                  "type": "text"
                },
                {
                  "key": "condition",
                  "value": "GOOD",
                  "type": "text"
                },
                {
                  "key": "listingType",
                  "value": "SELL",
                  "type": "text"
                },
                {
                  "key": "location",
                  "value": "Kathmandu",
                  "type": "text"
                },
                {
                  "key": "price",
                  "value": "1000",
                  "type": "text"
                },
                {
                  "key": "description",
                  "value": "Updated description",
                  "type": "text"
                }
              ]
            },
            "url": {
              "raw": "{{baseUrl}}/books/1",
              "host": ["{{baseUrl}}"],
              "path": ["books", "1"]
            }
          }
        },
        {
          "name": "Delete Book",
          "request": {
            "method": "DELETE",
            "header": [
              {
                "key": "Authorization",
                "value": "Bearer {{token}}"
              }
            ],
            "url": {
              "raw": "{{baseUrl}}/books/1",
              "host": ["{{baseUrl}}"],
              "path": ["books", "1"]
            }
          }
        },
        {
          "name": "Get My Books",
          "request": {
            "method": "GET",
            "header": [
              {
                "key": "Authorization",
                "value": "Bearer {{token}}"
              }
            ],
            "url": {
              "raw": "{{baseUrl}}/books/my-books",
              "host": ["{{baseUrl}}"],
              "path": ["books", "my-books"]
            }
          }
        },
        {
          "name": "Express Interest",
          "request": {
            "method": "POST",
            "header": [
              {
                "key": "Authorization",
                "value": "Bearer {{token}}"
              }
            ],
            "url": {
              "raw": "{{baseUrl}}/books/1/interest",
              "host": ["{{baseUrl}}"],
              "path": ["books", "1", "interest"]
            }
          }
        }
      ]
    },
    {
      "name": "Messages",
      "item": [
        {
          "name": "Send Message",
          "request": {
            "method": "POST",
            "header": [
              {
                "key": "Content-Type",
                "value": "application/json"
              },
              {
                "key": "Authorization",
                "value": "Bearer {{token}}"
              }
            ],
            "body": {
              "mode": "raw",
              "raw": "{\n    \"receiverId\": 2,\n    \"content\": \"Hi, I'm interested in your book!\",\n    \"bookId\": 1\n}"
            },
            "url": {
              "raw": "{{baseUrl}}/messages",
              "host": ["{{baseUrl}}"],
              "path": ["messages"]
            }
          }
        },
        {
          "name": "Get Conversation",
          "request": {
            "method": "GET",
            "header": [
              {
                "key": "Authorization",
                "value": "Bearer {{token}}"
              }
            ],
            "url": {
              "raw": "{{baseUrl}}/messages/conversation/2?page=0&size=20",
              "host": ["{{baseUrl}}"],
              "path": ["messages", "conversation", "2"],
              "query": [
                {
                  "key": "page",
                  "value": "0"
                },
                {
                  "key": "size",
                  "value": "20"
                }
              ]
            }
          }
        },
        {
          "name": "Get Unread Messages",
          "request": {
            "method": "GET",
            "header": [
              {
                "key": "Authorization",
                "value": "Bearer {{token}}"
              }
            ],
            "url": {
              "raw": "{{baseUrl}}/messages/unread",
              "host": ["{{baseUrl}}"],
              "path": ["messages", "unread"]
            }
          }
        },
        {
          "name": "Mark Message as Read",
          "request": {
            "method": "PUT",
            "header": [
              {
                "key": "Authorization",
                "value": "Bearer {{token}}"
              }
            ],
            "url": {
              "raw": "{{baseUrl}}/messages/1/read",
              "host": ["{{baseUrl}}"],
              "path": ["messages", "1", "read"]
            }
          }
        },
        {
          "name": "Get Chat Partners",
          "request": {
            "method": "GET",
            "header": [
              {
                "key": "Authorization",
                "value": "Bearer {{token}}"
              }
            ],
            "url": {
              "raw": "{{baseUrl}}/messages/partners",
              "host": ["{{baseUrl}}"],
              "path": ["messages", "partners"]
            }
          }
        }
      ]
    },
    {
      "name": "Cart",
      "item": [
        {
          "name": "Get Cart Items",
          "request": {
            "method": "GET",
            "header": [
              {
                "key": "Authorization",
                "value": "Bearer {{token}}"
              }
            ],
            "url": {
              "raw": "{{baseUrl}}/cart",
              "host": ["{{baseUrl}}"],
              "path": ["cart"]
            }
          }
        },
        {
          "name": "Add to Cart",
          "request": {
            "method": "POST",
            "header": [
              {
                "key": "Content-Type",
                "value": "application/json"
              },
              {
                "key": "Authorization",
                "value": "Bearer {{token}}"
              }
            ],
            "body": {
              "mode": "raw",
              "raw": "{\n    \"bookId\": 1,\n    \"quantity\": 1\n}"
            },
            "url": {
              "raw": "{{baseUrl}}/cart/add",
              "host": ["{{baseUrl}}"],
              "path": ["cart", "add"]
            }
          }
        },
        {
          "name": "Update Cart Item",
          "request": {
            "method": "PUT",
            "header": [
              {
                "key": "Content-Type",
                "value": "application/json"
              },
              {
                "key": "Authorization",
                "value": "Bearer {{token}}"
              }
            ],
            "body": {
              "mode": "raw",
              "raw": "{\n    \"quantity\": 2\n}"
            },
            "url": {
              "raw": "{{baseUrl}}/cart/1",
              "host": ["{{baseUrl}}"],
              "path": ["cart", "1"]
            }
          }
        },
        {
          "name": "Remove from Cart",
          "request": {
            "method": "DELETE",
            "header": [
              {
                "key": "Authorization",
                "value": "Bearer {{token}}"
              }
            ],
            "url": {
              "raw": "{{baseUrl}}/cart/1",
              "host": ["{{baseUrl}}"],
              "path": ["cart", "1"]
            }
          }
        },
        {
          "name": "Clear Cart",
          "request": {
            "method": "DELETE",
            "header": [
              {
                "key": "Authorization",
                "value": "Bearer {{token}}"
              }
            ],
            "url": {
              "raw": "{{baseUrl}}/cart/clear",
              "host": ["{{baseUrl}}"],
              "path": ["cart", "clear"]
            }
          }
        }
      ]
    },
    {
      "name": "Orders",
      "item": [
        {
          "name": "Get User Orders",
          "request": {
            "method": "GET",
            "header": [
              {
                "key": "Authorization",
                "value": "Bearer {{token}}"
              }
            ],
            "url": {
              "raw": "{{baseUrl}}/orders?page=0&size=10",
              "host": ["{{baseUrl}}"],
              "path": ["orders"],
              "query": [
                {
                  "key": "page",
                  "value": "0"
                },
                {
                  "key": "size",
                  "value": "10"
                }
              ]
            }
          }
        },
        {
          "name": "Get Order by ID",
          "request": {
            "method": "GET",
            "header": [
              {
                "key": "Authorization",
                "value": "Bearer {{token}}"
              }
            ],
            "url": {
              "raw": "{{baseUrl}}/orders/1",
              "host": ["{{baseUrl}}"],
              "path": ["orders", "1"]
            }
          }
        },
        {
          "name": "Create Order (Checkout)",
          "request": {
            "method": "POST",
            "header": [
              {
                "key": "Content-Type",
                "value": "application/json"
              },
              {
                "key": "Authorization",
                "value": "Bearer {{token}}"
              }
            ],
            "body": {
              "mode": "raw",
              "raw": "{\n    \"deliveryAddress\": \"123 Main Street, Kathmandu\",\n    \"deliveryPhone\": \"9841234567\",\n    \"deliveryNotes\": \"Please call before delivery\"\n}"
            },
            "url": {
              "raw": "{{baseUrl}}/orders/checkout",
              "host": ["{{baseUrl}}"],
              "path": ["orders", "checkout"]
            }
          }
        },
        {
          "name": "Cancel Order",
          "request": {
            "method": "PUT",
            "header": [
              {
                "key": "Authorization",
                "value": "Bearer {{token}}"
              }
            ],
            "url": {
              "raw": "{{baseUrl}}/orders/1/cancel",
              "host": ["{{baseUrl}}"],
              "path": ["orders", "1", "cancel"]
            }
          }
        }
      ]
    },
    {
      "name": "Payments",
      "item": [
        {
          "name": "Initiate eSewa Payment",
          "request": {
            "method": "POST",
            "header": [
              {
                "key": "Content-Type",
                "value": "application/json"
              },
              {
                "key": "Authorization",
                "value": "Bearer {{token}}"
              }
            ],
            "body": {
              "mode": "raw",
              "raw": "{\n    \"orderId\": 1\n}"
            },
            "url": {
              "raw": "{{baseUrl}}/payments/esewa",
              "host": ["{{baseUrl}}"],
              "path": ["payments", "esewa"]
            }
          }
        },
        {
          "name": "eSewa Success Callback",
          "request": {
            "method": "GET",
            "url": {
              "raw": "{{baseUrl}}/payments/esewa/success?oid=PAY123456789&amt=1500&refId=REF123456789",
              "host": ["{{baseUrl}}"],
              "path": ["payments", "esewa", "success"],
              "query": [
                {
                  "key": "oid",
                  "value": "PAY123456789"
                },
                {
                  "key": "amt",
                  "value": "1500"
                },
                {
                  "key": "refId",
                  "value": "REF123456789"
                }
              ]
            }
          }
        },
        {
          "name": "eSewa Failure Callback",
          "request": {
            "method": "GET",
            "url": {
              "raw": "{{baseUrl}}/payments/esewa/failure?pid=PAY123456789",
              "host": ["{{baseUrl}}"],
              "path": ["payments", "esewa", "failure"],
              "query": [
                {
                  "key": "pid",
                  "value": "PAY123456789"
                }
              ]
            }
          }
        },
        {
          "name": "Verify Payment",
          "request": {
            "method": "GET",
            "url": {
              "raw": "{{baseUrl}}/payments/verify?paymentId=PAY123456789",
              "host": ["{{baseUrl}}"],
              "path": ["payments", "verify"],
              "query": [
                {
                  "key": "paymentId",
                  "value": "PAY123456789"
                }
              ]
            }
          }
        },
        {
          "name": "Get Payment by Order",
          "request": {
            "method": "GET",
            "url": {
              "raw": "{{baseUrl}}/payments/order/1",
              "host": ["{{baseUrl}}"],
              "path": ["payments", "order", "1"]
            }
          }
        }
      ]
    },
    {
      "name": "User Management",
      "item": [
        {
          "name": "Get User Profile",
          "request": {
            "method": "GET",
            "url": {
              "raw": "{{baseUrl}}/users/1/profile",
              "host": ["{{baseUrl}}"],
              "path": ["users", "1", "profile"]
            }
          }
        },
        {
          "name": "Update Profile",
          "request": {
            "method": "PUT",
            "header": [
              {
                "key": "Content-Type",
                "value": "multipart/form-data"
              },
              {
                "key": "Authorization",
                "value": "Bearer {{token}}"
              }
            ],
            "body": {
              "mode": "formdata",
              "formdata": [
                {
                  "key": "fullName",
                  "value": "John Doe Updated",
                  "type": "text"
                },
                {
                  "key": "location",
                  "value": "Pokhara",
                  "type": "text"
                },
                {
                  "key": "phone",
                  "value": "9841234568",
                  "type": "text"
                },
                {
                  "key": "profileImage",
                  "type": "file",
                  "src": []
                }
              ]
            },
            "url": {
              "raw": "{{baseUrl}}/users/profile",
              "host": ["{{baseUrl}}"],
              "path": ["users", "profile"]
            }
          }
        },
        {
          "name": "Change Password",
          "request": {
            "method": "POST",
            "header": [
              {
                "key": "Content-Type",
                "value": "application/json"
              },
              {
                "key": "Authorization",
                "value": "Bearer {{token}}"
              }
            ],
            "body": {
              "mode": "raw",
              "raw": "{\n    \"oldPassword\": \"password123\",\n    \"newPassword\": \"newpassword123\"\n}"
            },
            "url": {
              "raw": "{{baseUrl}}/users/change-password",
              "host": ["{{baseUrl}}"],
              "path": ["users", "change-password"]
            }
          }
        }
      ]
    },
    {
      "name": "Admin Panel",
      "item": [
        {
          "name": "Admin Login",
          "event": [
            {
              "listen": "test",
              "script": {
                "exec": [
                  "if (pm.response.code === 200) {",
                  "    const response = pm.response.json();",
                  "    pm.collectionVariables.set('adminToken', response.token);",
                  "}"
                ]
              }
            }
          ],
          "request": {
            "method": "POST",
            "header": [
              {
                "key": "Content-Type",
                "value": "application/json"
              }
            ],
            "body": {
              "mode": "raw",
              "raw": "{\n    \"email\": \"admin@bookbridge.com\",\n    \"password\": \"password\"\n}"
            },
            "url": {
              "raw": "{{baseUrl}}/admin/login",
              "host": ["{{baseUrl}}"],
              "path": ["admin", "login"]
            }
          }
        },
        {
          "name": "Get Dashboard Stats",
          "request": {
            "method": "GET",
            "header": [
              {
                "key": "Authorization",
                "value": "Bearer {{adminToken}}"
              }
            ],
            "url": {
              "raw": "{{baseUrl}}/admin/dashboard",
              "host": ["{{baseUrl}}"],
              "path": ["admin", "dashboard"]
            }
          }
        },
        {
          "name": "Get All Users",
          "request": {
            "method": "GET",
            "header": [
              {
                "key": "Authorization",
                "value": "Bearer {{adminToken}}"
              }
            ],
            "url": {
              "raw": "{{baseUrl}}/admin/users?page=0&size=10",
              "host": ["{{baseUrl}}"],
              "path": ["admin", "users"],
              "query": [
                {
                  "key": "page",
                  "value": "0"
                },
                {
                  "key": "size",
                  "value": "10"
                }
              ]
            }
          }
        },
        {
          "name": "Block User",
          "request": {
            "method": "PUT",
            "header": [
              {
                "key": "Authorization",
                "value": "Bearer {{adminToken}}"
              }
            ],
            "url": {
              "raw": "{{baseUrl}}/admin/users/2/block",
              "host": ["{{baseUrl}}"],
              "path": ["admin", "users", "2", "block"]
            }
          }
        },
        {
          "name": "Unblock User",
          "request": {
            "method": "PUT",
            "header": [
              {
                "key": "Authorization",
                "value": "Bearer {{adminToken}}"
              }
            ],
            "url": {
              "raw": "{{baseUrl}}/admin/users/2/unblock",
              "host": ["{{baseUrl}}"],
              "path": ["admin", "users", "2", "unblock"]
            }
          }
        },
        {
          "name": "Delete User",
          "request": {
            "method": "DELETE",
            "header": [
              {
                "key": "Authorization",
                "value": "Bearer {{adminToken}}"
              }
            ],
            "url": {
              "raw": "{{baseUrl}}/admin/users/3",
              "host": ["{{baseUrl}}"],
              "path": ["admin", "users", "3"]
            }
          }
        },
        {
          "name": "Get All Books (Admin)",
          "request": {
            "method": "GET",
            "header": [
              {
                "key": "Authorization",
                "value": "Bearer {{adminToken}}"
              }
            ],
            "url": {
              "raw": "{{baseUrl}}/admin/books?page=0&size=10",
              "host": ["{{baseUrl}}"],
              "path": ["admin", "books"],
              "query": [
                {
                  "key": "page",
                  "value": "0"
                },
                {
                  "key": "size",
                  "value": "10"
                }
              ]
            }
          }
        },
        {
          "name": "Delete Book (Admin)",
          "request": {
            "method": "DELETE",
            "header": [
              {
                "key": "Authorization",
                "value": "Bearer {{adminToken}}"
              }
            ],
            "url": {
              "raw": "{{baseUrl}}/admin/books/1",
              "host": ["{{baseUrl}}"],
              "path": ["admin", "books", "1"]
            }
          }
        },
        {
          "name": "Get All Payments",
          "request": {
            "method": "GET",
            "header": [
              {
                "key": "Authorization",
                "value": "Bearer {{adminToken}}"
              }
            ],
            "url": {
              "raw": "{{baseUrl}}/admin/payments?page=0&size=10",
              "host": ["{{baseUrl}}"],
              "path": ["admin", "payments"],
              "query": [
                {
                  "key": "page",
                  "value": "0"
                },
                {
                  "key": "size",
                  "value": "10"
                }
              ]
            }
          }
        },
        {
          "name": "Get All Orders",
          "request": {
            "method": "GET",
            "header": [
              {
                "key": "Authorization",
                "value": "Bearer {{adminToken}}"
              }
            ],
            "url": {
              "raw": "{{baseUrl}}/admin/orders",
              "host": ["{{baseUrl}}"],
              "path": ["admin", "orders"]
            }
          }
        },
        {
          "name": "Log Upwork Transaction",
          "request": {
            "method": "POST",
            "header": [
              {
                "key": "Content-Type",
                "value": "application/json"
              },
              {
                "key": "Authorization",
                "value": "Bearer {{adminToken}}"
              }
            ],
            "body": {
              "mode": "raw",
              "raw": "{\n    \"transactionId\": \"UPW123456789\",\n    \"projectName\": \"BookBridge Development\",\n    \"amount\": 5000.00,\n    \"description\": \"Backend development payment\"\n}"
            },
            "url": {
              "raw": "{{baseUrl}}/admin/upwork",
              "host": ["{{baseUrl}}"],
              "path": ["admin", "upwork"]
            }
          }
        },
        {
          "name": "Get Upwork Transactions",
          "request": {
            "method": "GET",
            "header": [
              {
                "key": "Authorization",
                "value": "Bearer {{adminToken}}"
              }
            ],
            "url": {
              "raw": "{{baseUrl}}/admin/upwork?page=0&size=10",
              "host": ["{{baseUrl}}"],
              "path": ["admin", "upwork"],
              "query": [
                {
                  "key": "page",
                  "value": "0"
                },
                {
                  "key": "size",
                  "value": "10"
                }
              ]
            }
          }
        },
        {
          "name": "Update Upwork Transaction Status",
          "request": {
            "method": "PUT",
            "header": [
              {
                "key": "Content-Type",
                "value": "application/json"
              },
              {
                "key": "Authorization",
                "value": "Bearer {{adminToken}}"
              }
            ],
            "body": {
              "mode": "raw",
              "raw": "{\n    \"status\": \"COMPLETED\"\n}"
            },
            "url": {
              "raw": "{{baseUrl}}/admin/upwork/1/status",
              "host": ["{{baseUrl}}"],
              "path": ["admin", "upwork", "1", "status"]
            }
          }
        }
      ]
    }
  ]
}